{
  "type": "minecraft:generic",
  "pools": [
    {
      "rolls": 11,
      "entries": [
        {
          "type": "minecraft:item",
          "weight": 7,
          "name": "minecraft:elytra",
          "functions": [
            {
              "function": "minecraft:set_name",
              "entity": "this",
              "name": "Vex Elytra"
            }
          ]
        },
        {
          "type": "minecraft:item",
          "weight": 7,
          "name": "minecraft:elytra",
          "functions": [
            {
              "function": "minecraft:set_name",
              "entity": "this",
              "name": "Ender Dragon Elytra"
            }
          ]
        },
        {
          "type": "minecraft:item",
          "weight": 7,
          "name": "minecraft:elytra",
          "functions": [
            {
              "function": "minecraft:set_name",
              "entity": "this",
              "name": "Bee Elytra"
            }
          ]
        },
        {
          "type": "minecraft:item",
          "weight": 7,
          "name": "minecraft:elytra",
          "functions": [
            {
              "function": "minecraft:set_name",
              "entity": "this",
              "name": "Phantom Elytra"
            }
          ]
        },
        {
          "type": "minecraft:item",
          "weight": 7,
          "name": "minecraft:elytra",
          "functions": [
            {
              "function": "minecraft:set_name",
              "entity": "this",
              "name": "Bat Elytra"
            }
          ]
        },
        {
          "type": "minecraft:item",
          "weight": 7,
          "name": "minecraft:elytra",
          "functions": [
            {
              "function": "minecraft:set_name",
              "entity": "this",
              "name": "Cyan Parrot Elytra"
            }
          ]
        },
        {
          "type": "minecraft:item",
          "weight": 7,
          "name": "minecraft:elytra",
          "functions": [
            {
              "function": "minecraft:set_name",
              "entity": "this",
              "name": "Blue Parrot Elytra"
            }
          ]
        },
        {
          "type": "minecraft:item",
          "weight": 30,
          "name": "minecraft:elytra"
        },
        {
          "type": "minecraft:item",
          "weight": 7,
          "name": "minecraft:elytra",
          "functions": [
            {
              "function": "minecraft:set_name",
              "entity": "this",
              "name": "Red Parrot Elytra"
            }
          ]
        },
        {
          "type": "minecraft:item",
          "weight": 7,
          "name": "minecraft:elytra",
          "functions": [
            {
              "function": "minecraft:set_name",
              "entity": "this",
              "name": "Grey Parrot Elytra"
            }
          ]
        },
        {
          "type": "minecraft:item",
          "weight": 7,
          "name": "minecraft:elytra",
          "functions": [
            {
              "function": "minecraft:set_name",
              "entity": "this",
              "name": "Green Parrot Elytra"
            }
          ]
        }
      ]
    }
  ]
}
